transition_id,manager_id,manager_name,prev_period,report_period,cusip,put_call,shares_type,expected_change,expected_shares_prev,expected_shares_now,expected_weight_prev,expected_weight_now,production_change,production_shares_prev,production_shares_now,production_weight_prev,production_weight_now,raw_provenance,human_result,reviewer,review_date,methodology_version,effective_version,reviewer_notes
T-a96f82017f43f18a7341,1,STATE STREET CORP,2023-09-30,2023-12-31,60937PAD8,,SH,NEW,,24587000,,2.3656371555703466e-05,NEW,,24587000,,2.3656371555703466e-05,"{""current"":[{""accession_number"":""0000093751-24-000484"",""filing_date"":""2024-02-14"",""filing_id"":2,""object_path"":""objects/sha256/8b/8b95818717c77a4497931c5cf1c6e8f6c742c46bd42e41db7c16e0e6b3385554"",""row_ordinal"":4428,""value_basis"":""USD_SEC_FILING_DATE_2023_01_03_V1""}],""previous"":[]}",,,,0.1.1,v3:6855a4ef46af5754427724ffefce066fc0f1a8787faa9440bb8673ed0ce6032e,
T-8982bab138ddd8136f7d,2,VANGUARD GROUP INC,2023-09-30,2023-12-31,00288U106,,SH,NEW,,13112,,1.635599346400789e-08,NEW,,13112,,1.635599346400789e-08,"{""current"":[{""accession_number"":""0001104659-24-032991"",""filing_date"":""2024-03-11"",""filing_id"":16,""object_path"":""objects/sha256/ca/caff8f8e3ce25560cf3a92e99ee0fce907dc575c9ff93f4831bdcebb6c04ffa8"",""row_ordinal"":91,""value_basis"":""USD_SEC_FILING_DATE_2023_01_03_V1""}],""previous"":[]}",,,,0.1.1,v3:6855a4ef46af5754427724ffefce066fc0f1a8787faa9440bb8673ed0ce6032e,
T-104faf7e9938f2f9ce20,3,MAVERICK CAPITAL LTD,2023-09-30,2023-12-31,00402L107,,SH,NEW,,53359,,0.0007072007246445168,NEW,,53359,,0.0007072007246445168,"{""current"":[{""accession_number"":""0000947871-24-000140"",""filing_date"":""2024-02-14"",""filing_id"":26,""object_path"":""objects/sha256/d1/d1c046f85affd709fcc947c8120af7551e9959880fba1eff606ecbfd5d7e69dc"",""row_ordinal"":3,""value_basis"":""USD_SEC_FILING_DATE_2023_01_03_V1""}],""previous"":[]}",,,,0.1.1,v3:6855a4ef46af5754427724ffefce066fc0f1a8787faa9440bb8673ed0ce6032e,
T-946bc1943f935f49d113,4,SOROS FUND MANAGEMENT LLC,2023-09-30,2023-12-31,02156B103,PUT,SH,NEW,,61700,,0.0003805429157792732,NEW,,61700,,0.0003805429157792732,"{""current"":[{""accession_number"":""0000902664-24-001751"",""filing_date"":""2024-02-14"",""filing_id"":38,""object_path"":""objects/sha256/07/07d931b10590e03f8bbb8ae69cadeae6454b6d62eb93b2c3e4b884849ac79f07"",""row_ordinal"":9,""value_basis"":""USD_SEC_FILING_DATE_2023_01_03_V1""}],""previous"":[]}",,,,0.1.1,v3:6855a4ef46af5754427724ffefce066fc0f1a8787faa9440bb8673ed0ce6032e,
T-eca69c8100ca268c30ed,5,RENAISSANCE TECHNOLOGIES LLC,2023-09-30,2023-12-31,90137F202,,SH,NEW,,67000,,1.8573900846078332e-07,NEW,,67000,,1.8573900846078332e-07,"{""current"":[{""accession_number"":""0001037389-24-000071"",""filing_date"":""2024-02-13"",""filing_id"":50,""object_path"":""objects/sha256/e1/e16da13ca9c353d74473441d230f914ccaebd4c4d4d6dae19eb2833cdb90d958"",""row_ordinal"":7,""value_basis"":""USD_SEC_FILING_DATE_2023_01_03_V1""}],""previous"":[]}",,,,0.1.1,v3:6855a4ef46af5754427724ffefce066fc0f1a8787faa9440bb8673ed0ce6032e,
T-45546c5605d6f045b985,1,STATE STREET CORP,2023-09-30,2023-12-31,55405YAB6,,SH,NEW,,10180000,,6.105152978439658e-06,NEW,,10180000,,6.105152978439658e-06,"{""current"":[{""accession_number"":""0000093751-24-000484"",""filing_date"":""2024-02-14"",""filing_id"":2,""object_path"":""objects/sha256/8b/8b95818717c77a4497931c5cf1c6e8f6c742c46bd42e41db7c16e0e6b3385554"",""row_ordinal"":4430,""value_basis"":""USD_SEC_FILING_DATE_2023_01_03_V1""}],""previous"":[]}",,,,0.1.1,v3:6855a4ef46af5754427724ffefce066fc0f1a8787faa9440bb8673ed0ce6032e,
T-37893047caea5086544a,1,STATE STREET CORP,2023-09-30,2023-12-31,81807M304,,SH,NEW,,19377,,1.9415836912328938e-08,NEW,,19377,,1.9415836912328938e-08,"{""current"":[{""accession_number"":""0000093751-24-000484"",""filing_date"":""2024-02-14"",""filing_id"":2,""object_path"":""objects/sha256/8b/8b95818717c77a4497931c5cf1c6e8f6c742c46bd42e41db7c16e0e6b3385554"",""row_ordinal"":4,""value_basis"":""USD_SEC_FILING_DATE_2023_01_03_V1""}],""previous"":[]}",,,,0.1.1,v3:6855a4ef46af5754427724ffefce066fc0f1a8787faa9440bb8673ed0ce6032e,
T-8f752101126df7ad5d20,1,STATE STREET CORP,2023-09-30,2023-12-31,00510M104,,SH,NEW,,28566,,5.321662161244794e-08,NEW,,28566,,5.321662161244794e-08,"{""current"":[{""accession_number"":""0000093751-24-000484"",""filing_date"":""2024-02-14"",""filing_id"":2,""object_path"":""objects/sha256/8b/8b95818717c77a4497931c5cf1c6e8f6c742c46bd42e41db7c16e0e6b3385554"",""row_ordinal"":58,""value_basis"":""USD_SEC_FILING_DATE_2023_01_03_V1""}],""previous"":[]}",,,,0.1.1,v3:6855a4ef46af5754427724ffefce066fc0f1a8787faa9440bb8673ed0ce6032e,
T-7cb26b5a3d41116cb582,1,STATE STREET CORP,2023-09-30,2023-12-31,0076CA104,,SH,NEW,,13395,,3.7528594257352486e-08,NEW,,13395,,3.7528594257352486e-08,"{""current"":[{""accession_number"":""0000093751-24-000484"",""filing_date"":""2024-02-14"",""filing_id"":2,""object_path"":""objects/sha256/8b/8b95818717c77a4497931c5cf1c6e8f6c742c46bd42e41db7c16e0e6b3385554"",""row_ordinal"":85,""value_basis"":""USD_SEC_FILING_DATE_2023_01_03_V1""}],""previous"":[]}",,,,0.1.1,v3:6855a4ef46af5754427724ffefce066fc0f1a8787faa9440bb8673ed0ce6032e,
T-cb8ad3e4f9a5d067a924,1,STATE STREET CORP,2023-09-30,2023-12-31,68243Q106,,SH,ADD,539171,577808,2.092753956365003e-06,3.0297062024803247e-06,ADD,539171,577808,2.092753956365003e-06,3.0297062024803247e-06,"{""current"":[{""accession_number"":""0000093751-24-000484"",""filing_date"":""2024-02-14"",""filing_id"":2,""object_path"":""objects/sha256/8b/8b95818717c77a4497931c5cf1c6e8f6c742c46bd42e41db7c16e0e6b3385554"",""row_ordinal"":1,""value_basis"":""USD_SEC_FILING_DATE_2023_01_03_V1""}],""previous"":[{""accession_number"":""0000093751-23-000703"",""filing_date"":""2023-11-14"",""filing_id"":1,""object_path"":""objects/sha256/a3/a36759d2da76630fd0163db2ba635da2bdce34d12af42b5b432d3b7a8564f15d"",""row_ordinal"":1,""value_basis"":""USD_SEC_FILING_DATE_2023_01_03_V1""}]}",,,,0.1.1,v3:6855a4ef46af5754427724ffefce066fc0f1a8787faa9440bb8673ed0ce6032e,
T-4b8e1e92b973ded2521b,1,STATE STREET CORP,2023-09-30,2023-12-31,88025U109,,SH,ADD,1460637,1559228,3.3408721437974684e-05,4.2440994585446736e-05,ADD,1460637,1559228,3.3408721437974684e-05,4.2440994585446736e-05,"{""current"":[{""accession_number"":""0000093751-24-000484"",""filing_date"":""2024-02-14"",""filing_id"":2,""object_path"":""objects/sha256/8b/8b95818717c77a4497931c5cf1c6e8f6c742c46bd42e41db7c16e0e6b3385554"",""row_ordinal"":2,""value_basis"":""USD_SEC_FILING_DATE_2023_01_03_V1""}],""previous"":[{""accession_number"":""0000093751-23-000703"",""filing_date"":""2023-11-14"",""filing_id"":1,""object_path"":""objects/sha256/a3/a36759d2da76630fd0163db2ba635da2bdce34d12af42b5b432d3b7a8564f15d"",""row_ordinal"":2,""value_basis"":""USD_SEC_FILING_DATE_2023_01_03_V1""}]}",,,,0.1.1,v3:6855a4ef46af5754427724ffefce066fc0f1a8787faa9440bb8673ed0ce6032e,
T-4e40b92a59a31a236e6f,1,STATE STREET CORP,2023-09-30,2023-12-31,68247Q102,,SH,ADD,94420,97970,1.3612282407514956e-07,7.38625773100383e-08,ADD,94420,97970,1.3612282407514956e-07,7.38625773100383e-08,"{""current"":[{""accession_number"":""0000093751-24-000484"",""filing_date"":""2024-02-14"",""filing_id"":2,""object_path"":""objects/sha256/8b/8b95818717c77a4497931c5cf1c6e8f6c742c46bd42e41db7c16e0e6b3385554"",""row_ordinal"":3,""value_basis"":""USD_SEC_FILING_DATE_2023_01_03_V1""}],""previous"":[{""accession_number"":""0000093751-23-000703"",""filing_date"":""2023-11-14"",""filing_id"":1,""object_path"":""objects/sha256/a3/a36759d2da76630fd0163db2ba635da2bdce34d12af42b5b432d3b7a8564f15d"",""row_ordinal"":3,""value_basis"":""USD_SEC_FILING_DATE_2023_01_03_V1""}]}",,,,0.1.1,v3:6855a4ef46af5754427724ffefce066fc0f1a8787faa9440bb8673ed0ce6032e,
T-5ae46f94459d88b5fa1a,1,STATE STREET CORP,2023-09-30,2023-12-31,336901103,,SH,ADD,499621,540203,1.1660393826975526e-05,1.4438527754097092e-05,ADD,499621,540203,1.1660393826975526e-05,1.4438527754097092e-05,"{""current"":[{""accession_number"":""0000093751-24-000484"",""filing_date"":""2024-02-14"",""filing_id"":2,""object_path"":""objects/sha256/8b/8b95818717c77a4497931c5cf1c6e8f6c742c46bd42e41db7c16e0e6b3385554"",""row_ordinal"":5,""value_basis"":""USD_SEC_FILING_DATE_2023_01_03_V1""}],""previous"":[{""accession_number"":""0000093751-23-000703"",""filing_date"":""2023-11-14"",""filing_id"":1,""object_path"":""objects/sha256/a3/a36759d2da76630fd0163db2ba635da2bdce34d12af42b5b432d3b7a8564f15d"",""row_ordinal"":5,""value_basis"":""USD_SEC_FILING_DATE_2023_01_03_V1""}]}",,,,0.1.1,v3:6855a4ef46af5754427724ffefce066fc0f1a8787faa9440bb8673ed0ce6032e,
T-3e1bc8a8cd3de5f5a636,1,STATE STREET CORP,2023-09-30,2023-12-31,88554D205,,SH,ADD,5836638,6965400,1.5890511003223977e-05,2.1513843656211977e-05,ADD,5836638,6965400,1.5890511003223977e-05,2.1513843656211977e-05,"{""current"":[{""accession_number"":""0000093751-24-000484"",""filing_date"":""2024-02-14"",""filing_id"":2,""object_path"":""objects/sha256/8b/8b95818717c77a4497931c5cf1c6e8f6c742c46bd42e41db7c16e0e6b3385554"",""row_ordinal"":12,""value_basis"":""USD_SEC_FILING_DATE_2023_01_03_V1""}],""previous"":[{""accession_number"":""0000093751-23-000703"",""filing_date"":""2023-11-14"",""filing_id"":1,""object_path"":""objects/sha256/a3/a36759d2da76630fd0163db2ba635da2bdce34d12af42b5b432d3b7a8564f15d"",""row_ordinal"":12,""value_basis"":""USD_SEC_FILING_DATE_2023_01_03_V1""}]}",,,,0.1.1,v3:6855a4ef46af5754427724ffefce066fc0f1a8787faa9440bb8673ed0ce6032e,
T-4c636fcf38414eeadf9c,1,STATE STREET CORP,2023-09-30,2023-12-31,90137F202,,SH,REDUCE,52374,52134,2.839598008779302e-08,4.7215354086724204e-09,REDUCE,52374,52134,2.839598008779302e-08,4.7215354086724204e-09,"{""current"":[{""accession_number"":""0000093751-24-000484"",""filing_date"":""2024-02-14"",""filing_id"":2,""object_path"":""objects/sha256/8b/8b95818717c77a4497931c5cf1c6e8f6c742c46bd42e41db7c16e0e6b3385554"",""row_ordinal"":7,""value_basis"":""USD_SEC_FILING_DATE_2023_01_03_V1""}],""previous"":[{""accession_number"":""0000093751-23-000703"",""filing_date"":""2023-11-14"",""filing_id"":1,""object_path"":""objects/sha256/a3/a36759d2da76630fd0163db2ba635da2bdce34d12af42b5b432d3b7a8564f15d"",""row_ordinal"":7,""value_basis"":""USD_SEC_FILING_DATE_2023_01_03_V1""}]}",,,,0.1.1,v3:6855a4ef46af5754427724ffefce066fc0f1a8787faa9440bb8673ed0ce6032e,
T-9f1630e9cbe51fa9eb21,1,STATE STREET CORP,2023-09-30,2023-12-31,90138Q108,,SH,REDUCE,6613987,5736198,3.5856058904886283e-06,2.5487715882914834e-06,REDUCE,6613987,5736198,3.5856058904886283e-06,2.5487715882914834e-06,"{""current"":[{""accession_number"":""0000093751-24-000484"",""filing_date"":""2024-02-14"",""filing_id"":2,""object_path"":""objects/sha256/8b/8b95818717c77a4497931c5cf1c6e8f6c742c46bd42e41db7c16e0e6b3385554"",""row_ordinal"":8,""value_basis"":""USD_SEC_FILING_DATE_2023_01_03_V1""}],""previous"":[{""accession_number"":""0000093751-23-000703"",""filing_date"":""2023-11-14"",""filing_id"":1,""object_path"":""objects/sha256/a3/a36759d2da76630fd0163db2ba635da2bdce34d12af42b5b432d3b7a8564f15d"",""row_ordinal"":8,""value_basis"":""USD_SEC_FILING_DATE_2023_01_03_V1""}]}",,,,0.1.1,v3:6855a4ef46af5754427724ffefce066fc0f1a8787faa9440bb8673ed0ce6032e,
T-b8bfa7905f7d165a7fe0,1,STATE STREET CORP,2023-09-30,2023-12-31,901384107,,SH,REDUCE,1069125,977590,2.3238503577070926e-06,2.0304056608880152e-06,REDUCE,1069125,977590,2.3238503577070926e-06,2.0304056608880152e-06,"{""current"":[{""accession_number"":""0000093751-24-000484"",""filing_date"":""2024-02-14"",""filing_id"":2,""object_path"":""objects/sha256/8b/8b95818717c77a4497931c5cf1c6e8f6c742c46bd42e41db7c16e0e6b3385554"",""row_ordinal"":9,""value_basis"":""USD_SEC_FILING_DATE_2023_01_03_V1""}],""previous"":[{""accession_number"":""0000093751-23-000703"",""filing_date"":""2023-11-14"",""filing_id"":1,""object_path"":""objects/sha256/a3/a36759d2da76630fd0163db2ba635da2bdce34d12af42b5b432d3b7a8564f15d"",""row_ordinal"":9,""value_basis"":""USD_SEC_FILING_DATE_2023_01_03_V1""}]}",,,,0.1.1,v3:6855a4ef46af5754427724ffefce066fc0f1a8787faa9440bb8673ed0ce6032e,
T-6554e3e3dde13048cac1,1,STATE STREET CORP,2023-09-30,2023-12-31,90214J101,,SH,REDUCE,1732777,1615090,2.373193855628098e-06,9.662736275870704e-07,REDUCE,1732777,1615090,2.373193855628098e-06,9.662736275870704e-07,"{""current"":[{""accession_number"":""0000093751-24-000484"",""filing_date"":""2024-02-14"",""filing_id"":2,""object_path"":""objects/sha256/8b/8b95818717c77a4497931c5cf1c6e8f6c742c46bd42e41db7c16e0e6b3385554"",""row_ordinal"":10,""value_basis"":""USD_SEC_FILING_DATE_2023_01_03_V1""}],""previous"":[{""accession_number"":""0000093751-23-000703"",""filing_date"":""2023-11-14"",""filing_id"":1,""object_path"":""objects/sha256/a3/a36759d2da76630fd0163db2ba635da2bdce34d12af42b5b432d3b7a8564f15d"",""row_ordinal"":10,""value_basis"":""USD_SEC_FILING_DATE_2023_01_03_V1""}]}",,,,0.1.1,v3:6855a4ef46af5754427724ffefce066fc0f1a8787faa9440bb8673ed0ce6032e,
T-52e4d559addd4646c5ba,1,STATE STREET CORP,2023-09-30,2023-12-31,90214JAB7,,PRN,REDUCE,9416000,7416000,3.1513521682497364e-06,1.8615875441790255e-06,REDUCE,9416000,7416000,3.1513521682497364e-06,1.8615875441790255e-06,"{""current"":[{""accession_number"":""0000093751-24-000484"",""filing_date"":""2024-02-14"",""filing_id"":2,""object_path"":""objects/sha256/8b/8b95818717c77a4497931c5cf1c6e8f6c742c46bd42e41db7c16e0e6b3385554"",""row_ordinal"":11,""value_basis"":""USD_SEC_FILING_DATE_2023_01_03_V1""}],""previous"":[{""accession_number"":""0000093751-23-000703"",""filing_date"":""2023-11-14"",""filing_id"":1,""object_path"":""objects/sha256/a3/a36759d2da76630fd0163db2ba635da2bdce34d12af42b5b432d3b7a8564f15d"",""row_ordinal"":11,""value_basis"":""USD_SEC_FILING_DATE_2023_01_03_V1""}]}",,,,0.1.1,v3:6855a4ef46af5754427724ffefce066fc0f1a8787faa9440bb8673ed0ce6032e,
T-3cbb189480debdbe46db,1,STATE STREET CORP,2023-09-30,2023-12-31,81807M205,,SH,EXIT,89826,,3.8799873282365685e-08,,EXIT,89826,,3.8799873282365685e-08,,"{""current"":[],""previous"":[{""accession_number"":""0000093751-23-000703"",""filing_date"":""2023-11-14"",""filing_id"":1,""object_path"":""objects/sha256/a3/a36759d2da76630fd0163db2ba635da2bdce34d12af42b5b432d3b7a8564f15d"",""row_ordinal"":4,""value_basis"":""USD_SEC_FILING_DATE_2023_01_03_V1""}]}",,,,0.1.1,v3:6855a4ef46af5754427724ffefce066fc0f1a8787faa9440bb8673ed0ce6032e,
T-5c653228f2c3d90ce1d7,1,STATE STREET CORP,2023-09-30,2023-12-31,00152K101,,SH,EXIT,12356,,2.9798284937181406e-09,,EXIT,12356,,2.9798284937181406e-09,,"{""current"":[],""previous"":[{""accession_number"":""0000093751-23-000703"",""filing_date"":""2023-11-14"",""filing_id"":1,""object_path"":""objects/sha256/a3/a36759d2da76630fd0163db2ba635da2bdce34d12af42b5b432d3b7a8564f15d"",""row_ordinal"":21,""value_basis"":""USD_SEC_FILING_DATE_2023_01_03_V1""}]}",,,,0.1.1,v3:6855a4ef46af5754427724ffefce066fc0f1a8787faa9440bb8673ed0ce6032e,
T-ebec002624b6979bc493,1,STATE STREET CORP,2023-09-30,2023-12-31,G0543H109,,SH,EXIT,19900,,1.1883992970955584e-07,,EXIT,19900,,1.1883992970955584e-07,,"{""current"":[],""previous"":[{""accession_number"":""0000093751-23-000703"",""filing_date"":""2023-11-14"",""filing_id"":1,""object_path"":""objects/sha256/a3/a36759d2da76630fd0163db2ba635da2bdce34d12af42b5b432d3b7a8564f15d"",""row_ordinal"":22,""value_basis"":""USD_SEC_FILING_DATE_2023_01_03_V1""}]}",,,,0.1.1,v3:6855a4ef46af5754427724ffefce066fc0f1a8787faa9440bb8673ed0ce6032e,
T-2f562490d3893562e1bf,1,STATE STREET CORP,2023-09-30,2023-12-31,000380204,,SH,EXIT,387600,,4.863645681402563e-06,,EXIT,387600,,4.863645681402563e-06,,"{""current"":[],""previous"":[{""accession_number"":""0000093751-23-000703"",""filing_date"":""2023-11-14"",""filing_id"":1,""object_path"":""objects/sha256/a3/a36759d2da76630fd0163db2ba635da2bdce34d12af42b5b432d3b7a8564f15d"",""row_ordinal"":30,""value_basis"":""USD_SEC_FILING_DATE_2023_01_03_V1""}]}",,,,0.1.1,v3:6855a4ef46af5754427724ffefce066fc0f1a8787faa9440bb8673ed0ce6032e,
T-da106119bb7890239ef8,1,STATE STREET CORP,2023-09-30,2023-12-31,00444P108,,SH,EXIT,53035,,2.4278892896528193e-08,,EXIT,53035,,2.4278892896528193e-08,,"{""current"":[],""previous"":[{""accession_number"":""0000093751-23-000703"",""filing_date"":""2023-11-14"",""filing_id"":1,""object_path"":""objects/sha256/a3/a36759d2da76630fd0163db2ba635da2bdce34d12af42b5b432d3b7a8564f15d"",""row_ordinal"":49,""value_basis"":""USD_SEC_FILING_DATE_2023_01_03_V1""}]}",,,,0.1.1,v3:6855a4ef46af5754427724ffefce066fc0f1a8787faa9440bb8673ed0ce6032e,
T-280880cc4d8cc4e22b47,1,STATE STREET CORP,2023-09-30,2023-12-31,320551104,,SH,UNCHANGED,67187,67187,1.3560659401790142e-07,1.5294282334664804e-07,UNCHANGED,67187,67187,1.3560659401790142e-07,1.5294282334664804e-07,"{""current"":[{""accession_number"":""0000093751-24-000484"",""filing_date"":""2024-02-14"",""filing_id"":2,""object_path"":""objects/sha256/8b/8b95818717c77a4497931c5cf1c6e8f6c742c46bd42e41db7c16e0e6b3385554"",""row_ordinal"":6,""value_basis"":""USD_SEC_FILING_DATE_2023_01_03_V1""}],""previous"":[{""accession_number"":""0000093751-23-000703"",""filing_date"":""2023-11-14"",""filing_id"":1,""object_path"":""objects/sha256/a3/a36759d2da76630fd0163db2ba635da2bdce34d12af42b5b432d3b7a8564f15d"",""row_ordinal"":6,""value_basis"":""USD_SEC_FILING_DATE_2023_01_03_V1""}]}",,,,0.1.1,v3:6855a4ef46af5754427724ffefce066fc0f1a8787faa9440bb8673ed0ce6032e,
T-55627ba75cb3338b6e82,1,STATE STREET CORP,2023-09-30,2023-12-31,00430H201,,SH,UNCHANGED,23535,23535,7.50368944437851e-08,4.487428579353987e-08,UNCHANGED,23535,23535,7.50368944437851e-08,4.487428579353987e-08,"{""current"":[{""accession_number"":""0000093751-24-000484"",""filing_date"":""2024-02-14"",""filing_id"":2,""object_path"":""objects/sha256/8b/8b95818717c77a4497931c5cf1c6e8f6c742c46bd42e41db7c16e0e6b3385554"",""row_ordinal"":39,""value_basis"":""USD_SEC_FILING_DATE_2023_01_03_V1""}],""previous"":[{""accession_number"":""0000093751-23-000703"",""filing_date"":""2023-11-14"",""filing_id"":1,""object_path"":""objects/sha256/a3/a36759d2da76630fd0163db2ba635da2bdce34d12af42b5b432d3b7a8564f15d"",""row_ordinal"":42,""value_basis"":""USD_SEC_FILING_DATE_2023_01_03_V1""}]}",,,,0.1.1,v3:6855a4ef46af5754427724ffefce066fc0f1a8787faa9440bb8673ed0ce6032e,
T-6ed88a96b3eea0b52f34,1,STATE STREET CORP,2023-09-30,2023-12-31,00444T209,,SH,UNCHANGED,22182,22182,7.1340665054294e-09,7.930350602966432e-09,UNCHANGED,22182,22182,7.1340665054294e-09,7.930350602966432e-09,"{""current"":[{""accession_number"":""0000093751-24-000484"",""filing_date"":""2024-02-14"",""filing_id"":2,""object_path"":""objects/sha256/8b/8b95818717c77a4497931c5cf1c6e8f6c742c46bd42e41db7c16e0e6b3385554"",""row_ordinal"":44,""value_basis"":""USD_SEC_FILING_DATE_2023_01_03_V1""}],""previous"":[{""accession_number"":""0000093751-23-000703"",""filing_date"":""2023-11-14"",""filing_id"":1,""object_path"":""objects/sha256/a3/a36759d2da76630fd0163db2ba635da2bdce34d12af42b5b432d3b7a8564f15d"",""row_ordinal"":47,""value_basis"":""USD_SEC_FILING_DATE_2023_01_03_V1""}]}",,,,0.1.1,v3:6855a4ef46af5754427724ffefce066fc0f1a8787faa9440bb8673ed0ce6032e,
T-0d3c24f64f3b668f5cb4,1,STATE STREET CORP,2023-09-30,2023-12-31,33830Q109,,SH,ADD,658650,666266,8.253853227569119e-07,4.569460818632096e-07,ADD,658650,666266,8.253853227569119e-07,4.569460818632096e-07,"{""current"":[{""accession_number"":""0000093751-24-000484"",""filing_date"":""2024-02-14"",""filing_id"":2,""object_path"":""objects/sha256/8b/8b95818717c77a4497931c5cf1c6e8f6c742c46bd42e41db7c16e0e6b3385554"",""row_ordinal"":17,""value_basis"":""USD_SEC_FILING_DATE_2023_01_03_V1""}],""previous"":[{""accession_number"":""0000093751-23-000703"",""filing_date"":""2023-11-14"",""filing_id"":1,""object_path"":""objects/sha256/a3/a36759d2da76630fd0163db2ba635da2bdce34d12af42b5b432d3b7a8564f15d"",""row_ordinal"":17,""value_basis"":""USD_SEC_FILING_DATE_2023_01_03_V1""}]}",,,,0.1.1,v3:6855a4ef46af5754427724ffefce066fc0f1a8787faa9440bb8673ed0ce6032e,
T-77540e8232c6213e0487,1,STATE STREET CORP,2023-12-31,2024-03-31,P5626F128,,SH,NEW,,35642,,3.7933231098969544e-07,NEW,,35642,,3.7933231098969544e-07,"{""current"":[{""accession_number"":""0000093751-24-000592"",""filing_date"":""2024-05-15"",""filing_id"":3,""object_path"":""objects/sha256/7f/7f026f5016182287b2dfa033797d4e6873a4cc19c39aa1baccc90730160e7bc2"",""row_ordinal"":2053,""value_basis"":""USD_SEC_FILING_DATE_2023_01_03_V1""}],""previous"":[]}",,,,0.1.1,v3:6855a4ef46af5754427724ffefce066fc0f1a8787faa9440bb8673ed0ce6032e,
T-c20a41797967d5d3d7b9,1,STATE STREET CORP,2024-03-31,2024-06-30,433921103,,SH,NEW,,3123045,,4.2031563108453964e-06,NEW,,3123045,,4.2031563108453964e-06,"{""current"":[{""accession_number"":""0000093751-24-000681"",""filing_date"":""2024-08-14"",""filing_id"":4,""object_path"":""objects/sha256/8d/8d23b36b0d4e7acecb850b15e0b236feba97c0be96f5ee6b2ff81a45f1872bd5"",""row_ordinal"":1898,""value_basis"":""USD_SEC_FILING_DATE_2023_01_03_V1""}],""previous"":[]}",,,,0.1.1,v3:6855a4ef46af5754427724ffefce066fc0f1a8787faa9440bb8673ed0ce6032e,
T-9409587d78c126d4ef15,1,STATE STREET CORP,2024-06-30,2024-09-30,G11448100,,SH,NEW,,192882,,6.145263274029447e-07,NEW,,192882,,6.145263274029447e-07,"{""current"":[{""accession_number"":""0000093751-24-000933"",""filing_date"":""2024-11-14"",""filing_id"":5,""object_path"":""objects/sha256/4d/4d88bb81dc8965d957004412877a811e9978553b20c125088d7a00cac0aef671"",""row_ordinal"":575,""value_basis"":""USD_SEC_FILING_DATE_2023_01_03_V1""}],""previous"":[]}",,,,0.1.1,v3:6855a4ef46af5754427724ffefce066fc0f1a8787faa9440bb8673ed0ce6032e,
T-e9fa1adaaa201e9355c6,1,STATE STREET CORP,2024-09-30,2024-12-31,006351308,,SH,NEW,,12520,,1.8646043705642403e-07,NEW,,12520,,1.8646043705642403e-07,"{""current"":[{""accession_number"":""0000093751-25-000123"",""filing_date"":""2025-02-14"",""filing_id"":6,""object_path"":""objects/sha256/7e/7e74510635f9f502d1e1f3eff8885311ec526dd7757f3419c77079371a2aa693"",""row_ordinal"":56,""value_basis"":""USD_SEC_FILING_DATE_2023_01_03_V1""}],""previous"":[]}",,,,0.1.1,v3:6855a4ef46af5754427724ffefce066fc0f1a8787faa9440bb8673ed0ce6032e,
T-a333f70998598a4b1dbc,1,STATE STREET CORP,2024-12-31,2025-03-31,G0457F107,,SH,NEW,,35719,,1.1863755008176475e-07,NEW,,35719,,1.1863755008176475e-07,"{""current"":[{""accession_number"":""0000093751-25-000351"",""filing_date"":""2025-05-15"",""filing_id"":7,""object_path"":""objects/sha256/4a/4a921b6ec50fe38adfeab98e5905935878e9d8a0bb7ba40f477cce77e307f8fc"",""row_ordinal"":306,""value_basis"":""USD_SEC_FILING_DATE_2023_01_03_V1""}],""previous"":[]}",,,,0.1.1,v3:6855a4ef46af5754427724ffefce066fc0f1a8787faa9440bb8673ed0ce6032e,
T-15b84d5ffdac6868688e,1,STATE STREET CORP,2025-03-31,2025-06-30,07725L102,,SH,NEW,,13778,,1.2500481055877845e-06,NEW,,13778,,1.2500481055877845e-06,"{""current"":[{""accession_number"":""0000093751-25-000521"",""filing_date"":""2025-08-14"",""filing_id"":8,""object_path"":""objects/sha256/db/db7df77142f61924fc2220fd2b12d19dea53f9760f50263817f52e9db20b4a19"",""row_ordinal"":503,""value_basis"":""USD_SEC_FILING_DATE_2023_01_03_V1""}],""previous"":[]}",,,,0.1.1,v3:6855a4ef46af5754427724ffefce066fc0f1a8787faa9440bb8673ed0ce6032e,
T-3370c3bdbda7ece90650,1,STATE STREET CORP,2025-06-30,2025-09-30,G21082105,,SH,NEW,,6100,,8.750816120485238e-08,NEW,,6100,,8.750816120485238e-08,"{""current"":[{""accession_number"":""0000093751-25-000651"",""filing_date"":""2025-11-14"",""filing_id"":9,""object_path"":""objects/sha256/4a/4a2df53ee15261e6d5255691f0a9b89abf6db6e2444a4e90abadddc69cc87caf"",""row_ordinal"":834,""value_basis"":""USD_SEC_FILING_DATE_2023_01_03_V1""}],""previous"":[]}",,,,0.1.1,v3:6855a4ef46af5754427724ffefce066fc0f1a8787faa9440bb8673ed0ce6032e,
T-4b9c9d42ced5d59e80fe,1,STATE STREET CORP,2025-09-30,2025-12-31,G10830100,,SH,NEW,,231120,,1.2637948366211372e-07,NEW,,231120,,1.2637948366211372e-07,"{""current"":[{""accession_number"":""0000093751-26-000100"",""filing_date"":""2026-02-13"",""filing_id"":10,""object_path"":""objects/sha256/a9/a9fe82d8bdbe52794e069a7918b90857ceff6c220fc8907c3f33599fa7e426e7"",""row_ordinal"":519,""value_basis"":""USD_SEC_FILING_DATE_2023_01_03_V1""}],""previous"":[]}",,,,0.1.1,v3:6855a4ef46af5754427724ffefce066fc0f1a8787faa9440bb8673ed0ce6032e,
T-80d4433da7f03d1e10f8,1,STATE STREET CORP,2025-12-31,2026-03-31,38911N206,,SH,NEW,,3471,,7.425288055906137e-08,NEW,,3471,,7.425288055906137e-08,"{""current"":[{""accession_number"":""0000093751-26-000315"",""filing_date"":""2026-05-15"",""filing_id"":11,""object_path"":""objects/sha256/1b/1bb85b28ed78a0b64f7457e79c637eca057627e2970fe4e849e4f2fcad2f5b8c"",""row_ordinal"":1698,""value_basis"":""USD_SEC_FILING_DATE_2023_01_03_V1""}],""previous"":[]}",,,,0.1.1,v3:6855a4ef46af5754427724ffefce066fc0f1a8787faa9440bb8673ed0ce6032e,
T-6fbb9c687f888e8942fd,1,STATE STREET CORP,2026-03-31,2026-06-30,M4056D110,,SH,NEW,,185903,,4.908901684370442e-06,NEW,,185903,,4.908901684370442e-06,"{""current"":[{""accession_number"":""0000093751-26-000507"",""filing_date"":""2026-08-07"",""filing_id"":12,""object_path"":""objects/sha256/c9/c94b04f276823fd8229ce616aba95f480b262c88d5a7684f186db630da561d03"",""row_ordinal"":1268,""value_basis"":""USD_SEC_FILING_DATE_2023_01_03_V1""}],""previous"":[]}",,,,0.1.1,v3:6855a4ef46af5754427724ffefce066fc0f1a8787faa9440bb8673ed0ce6032e,
