part,cusip,issuer,title_of_class,status,symbol,exchange,security_type,share_class_figi,figi,sources,notes
PART_A,02079K305,ALPHABET INC,CAP STK CL A,VERIFIED_EXACT,GOOGL,US,Common Stock,BBG009S39JY5,BBG009S39JX6,sec_13f_issuer;sec_ticker_file;openfigi,
PART_A,874039100,TAIWAN SEMICONDUCTOR MANUFAC,SPONSORED ADS,VERIFIED_EXACT,TSM,US,ADR,BBG001S5WWW4,BBG000BD8ZK0,sec_ticker_file;openfigi,
PART_A,852234103,BLOCK INC,CL A,VERIFIED_EXACT,XYZ,US,Common Stock,BBG001TFLWL5,BBG0018SLC07,sec_13f_issuer;sec_ticker_file;openfigi,
PART_A,722304102,PDD HOLDINGS INC,SPONSORED ADS,VERIFIED_MULTI_SOURCE,PDD,US,ADR,BBG00LBLDFH8,BBG00LBLDDR2,sec_13f_issuer;sec_ticker_file;openfigi,
PART_A,G3643J108,FLUTTER ENTMT PLC,SHS,VERIFIED_EXACT,FLUT,,,,,sec,
PART_B,55825T103,MADISON SQUARE GRDN SPRT COR,CL A,VERIFIED_EXACT,MSGS,US,Common Stock,BBG007FG0C32,BBG007FG0C23,sec_ticker_file;openfigi,
PART_B,23249H105,CYABRA INC,COM SHS,VERIFIED_MULTI_SOURCE,CYAB,US,Common Stock,BBG0200RD2J8,BBG0200RD2D4,sec_13f_issuer;sec_ticker_file;openfigi,
PART_B,G7S53R104,PROKIDNEY CORP,CLASS A ORD SHS,VERIFIED_EXACT,PROK,,,,,sec,
PART_B,97717Y543,WISDOMTREE TR,ARTIFICIAL INTEL,UNRESOLVED,,,,,,,OpenFIGI candidate but no SEC issuer corroboration
PART_B,343412102,FLUOR CORP,COM,VERIFIED_MULTI_SOURCE,FLR,US,Common Stock,BBG001S5Q738,BBG000BB1TH9,sec_13f_issuer;sec_ticker_file;openfigi,
PART_B,G2104U107,CHANSON INTL HLDG,CLASS A ORD,UNRESOLVED,,,,,,,
PART_B,78470P820,SSGA ACTIVE TR,SPDR SSGA MY2026,UNRESOLVED,,,,,,,OpenFIGI candidate but no SEC issuer corroboration
PART_B,78464A144,SPDR SERIES TRUST,PORTFOLIO CRPORT,UNRESOLVED,,,,,,,OpenFIGI candidate but no SEC issuer corroboration
PART_B,46139W825,INVESCO EXCH TRD SLF IDX FD,INVESCO BULLETSH,UNRESOLVED,,,,,,,OpenFIGI candidate but no SEC issuer corroboration
PART_B,45332Y109,INARI MED INC,COM,UNRESOLVED,,,,,,,no US venue record (possibly delisted/terminated or wrong CUSIP)
PART_B,46436E692,ISHARES TR,ESG AWARE CONSER,UNRESOLVED,,,,,,,
PART_B,67092P607,NUSHARES ETF TR,NUVEEN ESG SMLCP,UNRESOLVED,,,,,,,OpenFIGI candidate but no SEC issuer corroboration
PART_B,84762LAZ8,SPECTRUM BRANDS INC,NOTE  3.375% 6/0,NON_EQUITY_OR_UNSUPPORTED,,,,,,,marketSector=['Corp'] not Equity
PART_B,92346X206,VERIFYME INC,COM NEW,VERIFIED_MULTI_SOURCE,VRME,US,Common Stock,BBG001SD4YY2,BBG000BL5RQ7,sec_13f_issuer;sec_ticker_file;openfigi,
PART_B,Y18284201,C3IS INC,COM NEW,VERIFIED_EXACT,CISS,,,,,sec,
PART_B,389930108,GRAYSCALE BITCOIN MINI TR BT,SHS,UNRESOLVED,,,,,,,no US venue record (possibly delisted/terminated or wrong CUSIP)
PART_B,577125784,MATTHEWS ASIA FDS,KOREA ACTIVE ETF,VERIFIED_EXACT,MKOR,US,ETP,BBG01HDYMMH1,BBG01HDYMLL8,sec_13f_title_of_class;openfigi,
PART_B,00770X261,ADVISORS SER TR,VEGTECH PLANT B,UNRESOLVED,,,,,,,
PART_B,07134L107,BATTALION OIL CORP,COM,VERIFIED_MULTI_SOURCE,BATL,US,Common Stock,BBG00R4SR3J8,BBG00R4SMLR4,sec_13f_issuer;sec_ticker_file;openfigi,
PART_B,863167201,STRATUS PPTYS INC,COM NEW,VERIFIED_MULTI_SOURCE,STRS,US,Common Stock,BBG001S7JL59,BBG000D6DM44,sec_ticker_file;openfigi,
PART_B,74460D109,PUBLIC STORAGE,COM,VERIFIED_EXACT,PSA,US,REIT,BBG001S5TH79,BBG000BPPN67,sec_13f_issuer;sec_ticker_file;openfigi,
PART_B,393222AM6,GREEN PLAINS INC,NOTE  5.250%11/0,NON_EQUITY_OR_UNSUPPORTED,,,,,,,marketSector=['Corp'] not Equity
PART_B,46438G653,ISHARES TR,IBONDS DEC 2034,UNRESOLVED,,,,,,,OpenFIGI candidate but no SEC issuer corroboration
PART_B,816851109,SEMPRA,COM,VERIFIED_EXACT,SRE,US,Common Stock,BBG001SBVZ73,BBG000C2ZCH8,sec_13f_issuer;sec_ticker_file;openfigi,
PART_B,886365105,TIDAL TRUST I,SMART EARNINGS G,UNRESOLVED,,,,,,,OpenFIGI candidate but no SEC issuer corroboration
PART_B,934550203,WARNER MUSIC GROUP CORP,COM CL A,VERIFIED_MULTI_SOURCE,WMG,US,Common Stock,BBG00RP2T9V3,BBG00RP2T9T6,sec_13f_issuer;sec_ticker_file;openfigi,
PART_B,709789101,PEOPLES BANCORP INC,COM,VERIFIED_MULTI_SOURCE,PEBO,US,Common Stock,BBG001S77C89,BBG000BDPPR6,sec_13f_issuer;sec_ticker_file;openfigi,
PART_B,46438G240,ISHARES TR,TOTAL USD FIXED,UNRESOLVED,,,,,,,OpenFIGI candidate but no SEC issuer corroboration
PART_B,420261109,HAWKINS INC,COM,VERIFIED_MULTI_SOURCE,HWKN,US,Common Stock,BBG001S5S282,BBG000BLLWV2,sec_13f_issuer;sec_ticker_file;openfigi,
PART_B,031001100,AMES NATL CORP,COM,VERIFIED_MULTI_SOURCE,ATLO,US,Common Stock,BBG001S7RMM9,BBG000BHLJW9,sec_ticker_file;openfigi,
PART_B,31609A107,FIDELITY COVINGTON TRUST,ENHANCED LARGE,UNRESOLVED,,,,,,,OpenFIGI candidate but no SEC issuer corroboration
PART_B,577130610,MATTHEWS INTL FDS,INDIA ACTIVE ETF,UNRESOLVED,,,,,,,OpenFIGI candidate but no SEC issuer corroboration
PART_B,92647N774,VICTORY PORTFOLIOS II,VCSHS US DISCVRY,UNRESOLVED,,,,,,,
PART_B,83192H106,SMILEDIRECTCLUB INC,CL A COM,VERIFIED_EXACT,SDCCQ,US,Common Stock,BBG00PZZ96M1,BBG00PZZ94F4,sec_13f_issuer;openfigi,
PART_B,35953C106,FTAI INFRASTRUCTURE INC,COMMON STOCK,VERIFIED_MULTI_SOURCE,FIP,US,Common Stock,BBG0174VKJB4,BBG0174VKJ51,sec_13f_issuer;sec_ticker_file;openfigi,
PART_B,33740U612,FIRST TR EXCHNG TRADED FD VI,VEST US EQUITY M,UNRESOLVED,,,,,,,OpenFIGI candidate but no SEC issuer corroboration
PART_B,85208P600,SPROTT FDS TR,NICKEL MINERS ET,UNRESOLVED,,,,,,,OpenFIGI candidate but no SEC issuer corroboration
PART_B,45784N452,INNOVATOR ETFS TRUST,EQUITY DUAL NOV,UNRESOLVED,,,,,,,OpenFIGI candidate but no SEC issuer corroboration
PART_B,252131AM9,DEXCOM INC,NOTE  0.375% 5/1,NON_EQUITY_OR_UNSUPPORTED,,,,,,,marketSector=['Corp'] not Equity
PART_B,189763105,CO-DIAGNOSTICS INC,COM,UNRESOLVED,,,,,,,no US venue record (possibly delisted/terminated or wrong CUSIP)
PART_B,29355AAH0,ENPHASE ENERGY INC,NOTE         3/0,NON_EQUITY_OR_UNSUPPORTED,,,,,,,marketSector=['Corp'] not Equity
PART_B,47804J677,JOHN HANCOCK EXCHANGE TRADED,DISCIPLINED VALU,UNRESOLVED,,,,,,,OpenFIGI candidate but no SEC issuer corroboration
PART_B,V7780T103,ROYAL CARIBBEAN GROUP,COM,UNRESOLVED,,,,,,,
PART_B,92647N865,VICTORY PORTFOLIOS II,VCSHS US LRG CAP,UNRESOLVED,,,,,,,OpenFIGI candidate but no SEC issuer corroboration
PART_B,89832Q109,TRUIST FINL CORP,COM,VERIFIED_EXACT,TFC,US,Common Stock,BBG001S5YYC0,BBG000BYYLS8,sec_13f_issuer;sec_ticker_file;openfigi,
PART_B,882927395,THEMES ETF TR,LEVERAGE SHS 2X,UNRESOLVED,,,,,,,OpenFIGI candidate but no SEC issuer corroboration
PART_B,45783Y459,INNOVATOR ETFS TRUST,INTL DEV PWR BUF,UNRESOLVED,,,,,,,OpenFIGI candidate but no SEC issuer corroboration
PART_B,25461A221,DIREXION SHARES ETF TRUST,DAILY SHOP BULL,UNRESOLVED,,,,,,,OpenFIGI candidate but no SEC issuer corroboration
PART_B,78781J109,SAILPOINT INC,COM,VERIFIED_MULTI_SOURCE,SAIL,US,Common Stock,BBG01RW30QY2,BBG01RW30Q09,sec_13f_issuer;sec_ticker_file;openfigi,
PART_B,778920306,SHARONAI HOLDINGS INC,COM CL A,VERIFIED_EXACT,SHAZ,US,Common Stock,BBG013B8HFT9,BBG013B8HDZ7,sec_13f_issuer;sec_ticker_file;openfigi,
